Email,Password
1810100600@mail.com,secret
1810100601@mail.com,secret
1810100602@mail.com,secret
1810100603@mail.com,secret
1810100604@mail.com,secret
1810100605@mail.com,secret
1810100606@mail.com,secret
1810100607@mail.com,secret
1810100608@mail.com,secret
1810100609@mail.com,secret
1810100610@mail.com,secret
1810100611@mail.com,secret
1810100612@mail.com,secret
1810100613@mail.com,secret
1810100614@mail.com,secret
1810100615@mail.com,secret
1810100616@mail.com,secret
1810100617@mail.com,secret
1810100618@mail.com,secret
1810100619@mail.com,secret
1810100620@mail.com,secret
1810100621@mail.com,secret
1810100622@mail.com,secret
1810100623@mail.com,secret
1810100624@mail.com,secret
1810100625@mail.com,secret
1810100626@mail.com,secret
1810100627@mail.com,secret
1810100628@mail.com,secret
1810100629@mail.com,secret
1810100630@mail.com,secret
1810100631@mail.com,secret
1810100632@mail.com,secret
1810100633@mail.com,secret
1810100634@mail.com,secret
1810100635@mail.com,secret
1810100636@mail.com,secret
1810100637@mail.com,secret
1810100638@mail.com,secret
1810100639@mail.com,secret
1810100640@mail.com,secret
1810100641@mail.com,secret
1810100642@mail.com,secret
1810100643@mail.com,secret
1810100644@mail.com,secret
1810100645@mail.com,secret
1810100646@mail.com,secret
1810100647@mail.com,secret
1810100648@mail.com,secret
1810100649@mail.com,secret
1810100650@mail.com,secret
1810100651@mail.com,secret
1810100652@mail.com,secret
1810100653@mail.com,secret
1810100654@mail.com,secret
1810100655@mail.com,secret
1810100656@mail.com,secret
1810100657@mail.com,secret
1810100658@mail.com,secret
1810100659@mail.com,secret
1810100660@mail.com,secret
1810100661@mail.com,secret
1810100662@mail.com,secret
1810100663@mail.com,secret
1810100664@mail.com,secret
1810100665@mail.com,secret
1810100666@mail.com,secret
1810100667@mail.com,secret
1810100668@mail.com,secret
1810100669@mail.com,secret
1810100670@mail.com,secret
1810100671@mail.com,secret
1810100672@mail.com,secret
1810100673@mail.com,secret
1810100674@mail.com,secret
1810100675@mail.com,secret
1810100676@mail.com,secret
1810100677@mail.com,secret
1810100678@mail.com,secret
1810100679@mail.com,secret
1810100680@mail.com,secret
1810100681@mail.com,secret
1810100682@mail.com,secret
1810100683@mail.com,secret
1810100684@mail.com,secret
1810100685@mail.com,secret
1810100686@mail.com,secret
1810100687@mail.com,secret
1810100688@mail.com,secret
1810100689@mail.com,secret
1810100690@mail.com,secret
1810100691@mail.com,secret
1810100692@mail.com,secret
1810100693@mail.com,secret
1810100694@mail.com,secret
1810100695@mail.com,secret
1810100696@mail.com,secret
1810100697@mail.com,secret
1810100698@mail.com,secret
1810100699@mail.com,secret
1810100700@mail.com,secret
1810100701@mail.com,secret
1810100702@mail.com,secret
1810100703@mail.com,secret
1810100704@mail.com,secret
1810100705@mail.com,secret
1810100706@mail.com,secret
1810100707@mail.com,secret
1810100708@mail.com,secret
1810100709@mail.com,secret
1810100710@mail.com,secret
1810100711@mail.com,secret
1810100712@mail.com,secret
1810100713@mail.com,secret
1810100714@mail.com,secret
1810100715@mail.com,secret
1810100716@mail.com,secret
1810100717@mail.com,secret
1810100718@mail.com,secret
1810100719@mail.com,secret
1810100720@mail.com,secret
1810100721@mail.com,secret
1810100722@mail.com,secret
1810100723@mail.com,secret
1810100724@mail.com,secret
1810100725@mail.com,secret
1810100726@mail.com,secret
1810100727@mail.com,secret
1810100728@mail.com,secret
1810100729@mail.com,secret
1810100730@mail.com,secret
1810100731@mail.com,secret
1810100732@mail.com,secret
1810100733@mail.com,secret
1810100734@mail.com,secret
1810100735@mail.com,secret
1810100736@mail.com,secret
1810100737@mail.com,secret
1810100738@mail.com,secret
1810100739@mail.com,secret
1810100740@mail.com,secret
1810100741@mail.com,secret
1810100742@mail.com,secret
1810100743@mail.com,secret
1810100744@mail.com,secret
1810100745@mail.com,secret
1810100746@mail.com,secret
1810100747@mail.com,secret
1810100748@mail.com,secret
1810100749@mail.com,secret
1810100750@mail.com,secret
1810100751@mail.com,secret
1810100752@mail.com,secret
1810100753@mail.com,secret
1810100754@mail.com,secret
1810100755@mail.com,secret
1810100756@mail.com,secret
1810100757@mail.com,secret
1810100758@mail.com,secret
1810100759@mail.com,secret
1810100760@mail.com,secret
1810100761@mail.com,secret
1810100762@mail.com,secret
1810100763@mail.com,secret
1810100764@mail.com,secret
1810100765@mail.com,secret
1810100766@mail.com,secret
1810100767@mail.com,secret
1810100768@mail.com,secret
1810100769@mail.com,secret
1810100770@mail.com,secret
1810100771@mail.com,secret
1810100772@mail.com,secret
1810100773@mail.com,secret
1810100774@mail.com,secret
1810100775@mail.com,secret
1810100776@mail.com,secret
1810100777@mail.com,secret
1810100778@mail.com,secret
1810100779@mail.com,secret
1810100780@mail.com,secret
1810100781@mail.com,secret
1810100782@mail.com,secret
1810100783@mail.com,secret
1810100784@mail.com,secret
1810100785@mail.com,secret
1810100786@mail.com,secret
1810100787@mail.com,secret
1810100788@mail.com,secret
1810100789@mail.com,secret
1810100790@mail.com,secret
1810100791@mail.com,secret
1810100792@mail.com,secret
1810100793@mail.com,secret
1810100794@mail.com,secret
1810100795@mail.com,secret
1810100796@mail.com,secret
1810100797@mail.com,secret
1810100798@mail.com,secret
